Day,Hour,StorageUniID,Power,EnergyLimit,Charge_St,Discharge_St,Idle_St,storgChrgPwr,storgDiscPwr,storgSOC,storgResUp,storgResDn
1,17,1,BADC_PS01,250,3012.0481927710844,1.0,0.0,0.0,0.0,0.0,0.0
1,17,2,BADC_PS02,250,3012.0481927710844,1.0,0.0,0.0,0.0,0.0,0.0
1,17,3,BADC_PS03,250,3012.0481927710844,1.0,0.0,0.0,0.0,0.0,0.0
1,17,4,BADC_PS04,250,3012.0481927710844,1.0,0.0,0.0,0.0,0.0,602.4096386
1,17,5,JOCA_PS01,155,1867.4698795180723,0.0,1.0,0.0,0.0,0.0,0.0
1,17,6,JOCA_PS02,155,1867.4698795180723,1.0,0.0,0.0,0.0,0.0,15.526308463510418
1,17,7,JOCA_PS03,155,1867.4698795180723,1.0,0.0,0.0,0.0,0.0,-1.7763568394002505e-15
1,17,8,JOCA_PS04,155,1867.4698795180723,0.0,1.0,0.0,0.0,0.0,0.0
